date,AL,AK,AZ,AR,CA,CO,CT,DE,DC,FL,GA,HI,ID,IL,IN,IA,KS,KY,LA,ME,MD,MA,MI,MN,MS,MO,MT,NE,NV,NH,NJ,NM,NY,NC,ND,OH,OK,OR,PA,RI,SC,SD,TN,TX,UT,VT,VA,WA,WV,WI,WY
1/22/2020,0,0,0,0,0,0,0,4,0,0,0,0,0,0,0,0,0,0,0,0,0,0,0,0,0,0,0,0,0,0,0,0,0,0,0,0,0,0,0,0,0,0,0,0,0,0,0,0,0,0,0
1/23/2020,0,0,0,0,0,0,0,5,0,0,0,0,0,0,0,0,0,0,0,0,0,0,0,0,0,0,0,0,0,0,0,0,0,0,0,0,0,0,0,0,0,0,0,0,0,0,0,1,0,0,0
1/24/2020,0,0,0,0,0,0,0,5,0,0,0,0,0,1,0,0,0,0,0,0,0,0,0,0,0,0,0,0,0,0,0,0,0,0,0,0,0,0,0,0,0,0,0,0,0,0,0,1,0,0,0
1/25/2020,0,0,0,0,0,0,0,5,0,0,0,0,0,1,0,0,0,0,0,0,0,0,0,0,0,0,0,0,0,0,0,0,0,0,0,0,0,0,0,0,0,0,0,0,0,0,0,1,0,0,0
1/26/2020,0,0,1,0,0,0,0,5,0,0,0,0,0,1,0,0,0,0,0,0,0,0,0,0,0,0,0,0,0,0,0,0,0,0,0,0,0,0,0,0,0,0,0,0,0,0,0,1,0,0,0
1/27/2020,0,0,1,0,0,0,0,5,0,0,0,0,0,1,0,0,0,0,0,0,0,0,0,0,0,0,0,0,0,0,0,0,0,0,0,0,0,0,0,0,0,0,0,0,0,0,0,1,0,0,0
1/28/2020,0,0,1,0,0,0,0,5,0,0,0,0,0,1,0,0,0,0,0,0,0,0,0,0,0,0,0,0,0,0,0,0,0,0,0,0,0,0,0,0,0,0,0,0,0,0,0,1,0,0,0
1/29/2020,0,0,1,0,0,0,0,5,0,0,0,0,0,1,0,0,0,0,0,0,0,0,0,0,0,0,0,0,0,0,0,0,0,0,0,0,0,0,0,0,0,0,0,0,0,0,0,1,0,0,0
1/30/2020,0,0,1,0,0,0,0,5,0,0,0,0,0,1,0,0,0,0,0,0,0,0,0,0,0,0,0,0,0,0,0,0,0,0,0,0,0,0,0,0,0,0,0,0,0,0,0,1,0,0,0
1/31/2020,0,0,1,0,0,0,0,5,0,0,0,0,0,2,0,0,0,0,0,0,0,0,0,0,0,0,0,0,0,0,0,0,0,0,0,0,0,0,0,0,0,0,0,0,0,0,0,1,0,0,0
2/1/2020,0,0,1,0,0,0,0,5,0,0,0,0,0,2,0,0,0,0,0,0,0,1,0,0,0,0,0,0,0,0,0,0,0,0,0,0,0,0,0,0,0,0,0,0,0,0,0,1,0,0,0
2/2/2020,0,0,1,0,3,0,0,5,0,0,0,0,0,2,0,0,0,0,0,0,0,1,0,0,0,0,0,0,0,0,0,0,0,0,0,0,0,0,0,0,0,0,0,0,0,0,0,1,0,0,0
2/3/2020,0,0,1,0,6,0,0,6,0,0,0,0,0,2,0,0,0,0,0,0,0,1,0,0,0,0,0,0,0,0,0,0,0,0,0,0,0,0,0,0,0,0,0,0,0,0,0,1,0,0,0
2/4/2020,0,0,1,0,6,0,0,8,0,0,0,0,0,2,0,0,0,0,0,0,0,1,0,0,0,0,0,0,0,0,0,0,0,0,0,0,0,0,0,0,0,0,0,0,0,0,0,1,0,0,0
2/5/2020,0,0,1,0,6,0,0,8,0,0,0,0,0,2,0,0,0,0,0,0,0,1,0,0,0,0,0,0,0,0,0,0,0,0,0,0,0,0,0,0,0,0,0,0,0,0,0,1,0,0,0
2/6/2020,0,0,1,0,6,0,0,8,0,0,0,0,0,2,0,0,0,0,0,0,0,1,0,0,0,0,0,0,0,0,0,0,0,0,0,0,0,0,0,0,0,0,0,0,0,0,0,1,0,0,0
2/7/2020,0,0,1,0,6,0,0,8,0,0,0,0,0,2,0,0,0,0,0,0,0,1,0,0,0,0,0,0,0,0,0,0,0,0,0,0,1,0,0,0,0,0,0,0,0,0,0,1,0,0,0
2/8/2020,0,0,1,0,6,0,0,8,0,0,0,0,0,2,0,0,0,0,0,0,0,1,0,0,0,0,0,0,0,0,0,0,0,0,0,0,1,0,0,0,0,0,0,0,0,0,0,1,0,0,0
2/9/2020,0,0,1,0,6,0,0,8,0,0,0,0,0,2,0,0,0,0,0,0,0,1,0,0,0,0,0,0,0,0,0,0,0,0,0,0,1,0,0,0,0,0,0,0,0,0,0,1,0,0,0
2/10/2020,0,0,1,0,6,0,0,8,0,0,0,0,0,2,0,0,0,0,0,0,0,1,0,0,0,0,0,0,0,0,0,0,0,0,0,0,1,0,0,0,0,0,0,0,0,0,0,1,0,0,0
2/11/2020,0,0,1,0,6,0,0,8,0,0,0,0,0,2,0,0,0,0,0,0,0,1,0,0,0,0,0,0,0,0,0,0,0,0,0,0,1,0,0,0,0,0,0,0,0,0,0,1,0,0,0
2/12/2020,0,0,1,0,7,0,0,9,0,0,0,0,0,2,0,0,0,0,0,0,0,1,0,0,0,0,0,0,0,0,0,0,0,0,0,0,1,0,0,0,0,0,0,0,0,0,0,1,0,0,0
2/13/2020,0,0,1,0,8,0,0,9,0,0,0,0,0,2,0,0,0,0,0,0,0,1,0,0,0,0,0,0,0,0,0,0,0,0,0,0,1,0,0,0,0,0,0,0,0,0,0,1,0,0,0
2/14/2020,0,0,1,0,8,0,0,10,0,0,0,0,0,2,0,0,0,0,0,0,0,1,0,0,0,0,0,0,0,0,0,0,0,0,0,0,1,0,0,0,0,0,0,0,0,0,0,1,0,0,0
2/15/2020,0,0,1,0,8,0,0,10,0,0,0,0,0,2,0,0,0,0,0,0,0,1,0,0,0,0,0,0,0,0,0,0,0,0,0,0,1,0,0,0,0,0,0,0,0,0,0,1,0,0,0
2/16/2020,0,0,1,0,8,0,0,10,0,0,0,0,0,2,0,0,0,0,0,0,0,1,0,0,0,0,0,0,0,0,0,0,0,0,0,0,1,0,0,0,0,0,0,0,0,0,0,1,0,0,0
2/17/2020,0,0,1,0,8,0,0,10,0,0,0,0,0,2,0,0,0,0,0,0,0,1,0,0,0,0,0,0,0,0,0,0,0,0,0,0,3,0,0,0,0,0,0,0,0,0,0,1,0,0,0
2/18/2020,0,0,1,0,13,0,0,10,0,0,0,0,0,2,0,0,0,0,0,0,0,1,0,0,0,0,0,0,0,0,0,0,0,0,0,0,3,0,0,0,0,0,0,0,0,0,0,1,0,0,0
2/19/2020,0,0,1,0,15,0,0,10,0,0,0,0,0,2,0,0,0,0,0,0,0,1,0,0,0,0,0,0,0,0,0,0,0,0,0,0,4,0,0,0,0,0,0,0,0,0,0,1,0,0,0
2/20/2020,0,0,1,0,15,0,0,10,0,0,0,0,0,2,0,0,0,0,0,0,0,1,0,0,0,0,0,0,0,0,0,0,0,0,0,0,5,0,0,0,0,0,0,0,0,0,0,1,0,0,0
2/21/2020,0,0,1,0,17,0,0,10,0,0,0,0,0,2,0,0,0,0,0,0,0,1,0,0,0,0,0,0,0,0,0,0,0,0,0,0,8,0,0,0,0,0,0,0,0,0,0,1,0,0,0
2/22/2020,0,0,1,0,21,0,0,12,0,0,0,0,0,2,0,0,0,0,0,0,0,1,0,0,0,0,0,0,0,0,0,0,0,0,0,0,10,0,0,0,0,0,0,0,0,0,0,1,0,0,0
2/23/2020,0,0,1,0,21,0,0,12,0,0,0,0,0,2,0,0,0,0,0,0,0,1,0,0,0,0,0,0,0,0,0,0,0,0,0,0,10,0,0,0,0,0,0,0,0,0,0,1,0,0,0
2/24/2020,0,0,1,0,25,0,0,12,0,0,0,0,0,2,0,0,0,0,0,0,0,1,0,0,0,0,0,0,0,0,0,0,0,0,0,0,10,0,0,0,0,0,0,0,0,0,0,1,0,0,0
2/25/2020,0,0,1,0,25,0,0,12,0,0,0,0,0,2,0,0,0,0,0,0,0,1,0,0,0,0,0,0,0,0,0,0,0,0,0,0,14,0,0,0,0,0,0,0,0,0,0,1,0,0,0
2/26/2020,0,0,1,0,31,0,0,12,0,0,0,0,0,2,0,0,0,0,0,0,0,1,0,0,0,0,0,0,0,0,0,0,0,0,0,0,16,0,0,0,0,0,0,0,0,0,0,1,0,0,0
2/27/2020,0,0,1,0,33,0,0,12,0,0,0,0,0,2,0,0,0,0,0,0,0,1,0,0,0,0,0,0,0,0,0,0,0,0,0,0,19,0,0,0,0,0,0,0,0,0,0,1,0,0,0
2/28/2020,0,0,1,0,33,0,0,12,0,0,0,0,0,2,0,0,0,0,0,0,0,1,0,0,0,0,0,0,0,0,0,0,0,0,0,0,23,0,0,0,0,0,0,0,0,0,0,1,0,0,0
2/29/2020,0,0,1,0,34,0,0,12,0,0,2,0,0,2,0,0,0,0,0,0,0,1,0,0,0,0,0,0,0,0,0,0,0,0,0,0,28,1,0,0,0,0,0,0,0,0,0,1,0,0,0
3/1/2020,0,0,1,0,34,0,0,12,0,0,2,0,0,3,0,0,0,0,0,0,0,1,14,0,0,0,0,0,0,0,0,0,0,0,0,0,31,1,0,0,0,0,0,0,0,0,0,1,0,0,0
3/2/2020,0,0,1,0,39,1,0,12,0,2,3,0,0,4,0,0,0,0,0,0,0,1,27,0,0,0,0,0,0,1,0,0,0,0,0,0,39,3,0,0,0,0,0,0,0,0,0,1,0,0,0
3/3/2020,0,0,2,0,43,1,0,12,0,3,5,0,0,4,0,0,0,0,0,0,0,2,49,0,0,0,0,0,0,2,0,0,0,1,0,0,43,3,0,0,0,0,0,0,0,0,0,14,0,1,0
3/4/2020,0,0,2,0,53,1,0,12,0,7,7,0,0,4,0,0,0,0,0,0,0,2,73,0,6,1,0,0,0,2,0,0,1,1,0,0,49,3,0,0,0,0,0,0,0,0,0,30,0,1,0
3/5/2020,0,0,3,0,60,1,0,12,0,8,2,1,0,5,0,0,0,0,0,0,3,2,99,0,8,1,0,0,1,2,2,0,12,1,0,0,59,3,0,1,0,0,0,0,0,0,0,45,0,1,0
3/6/2020,0,0,3,0,69,8,0,12,0,8,8,1,0,6,1,0,0,0,0,0,3,7,141,1,20,2,0,0,1,2,4,0,21,1,0,0,61,3,0,1,1,0,0,5,0,0,0,66,0,1,0
3/7/2020,0,0,5,0,88,9,0,12,1,12,11,1,0,6,1,0,0,2,0,0,3,9,189,1,28,2,0,1,2,2,6,0,28,2,0,0,77,7,2,1,2,0,0,5,0,0,0,84,0,1,0
3/8/2020,0,0,5,0,114,11,1,12,1,13,17,2,0,7,2,3,1,2,0,0,5,28,252,2,39,4,0,3,3,4,6,0,28,2,0,0,91,14,5,1,5,0,0,5,1,1,0,113,0,1,0
3/9/2020,0,0,6,0,133,12,1,12,2,18,26,2,0,11,3,8,1,2,1,0,6,28,376,2,74,5,0,3,4,4,8,0,125,2,0,0,110,14,8,3,6,0,0,12,1,1,2,154,0,1,0
3/10/2020,0,0,8,0,157,18,2,12,2,20,39,2,0,19,5,13,1,4,1,0,9,91,533,4,99,5,0,4,5,5,15,0,137,7,0,3,132,15,12,3,6,5,0,15,2,1,5,244,0,3,0
3/11/2020,3,0,9,1,177,24,3,12,2,26,55,2,0,27,9,14,1,7,8,0,12,95,736,5,122,7,1,4,7,5,23,3,164,7,0,3,154,19,17,3,8,8,0,18,3,1,8,313,0,5,0
3/12/2020,4,0,9,6,198,42,7,15,2,30,88,2,0,32,12,16,4,9,14,2,12,108,1014,10,157,8,1,9,11,6,29,5,230,9,1,5,174,24,25,12,13,8,0,22,4,2,15,374,0,8,1
3/13/2020,8,1,10,9,247,53,7,15,3,53,115,4,0,32,12,16,6,12,33,3,15,109,1389,14,194,15,1,13,11,6,30,5,267,17,1,5,223,24,34,18,16,9,1,22,6,2,29,477,0,9,1
3/14/2020,15,1,12,12,288,80,7,16,3,95,139,7,1,32,12,16,7,16,33,11,26,109,1782,14,235,26,1,15,11,6,44,7,311,22,1,5,273,24,52,18,20,9,1,22,6,4,29,569,0,19,2
3/15/2020,28,1,13,16,335,112,26,16,17,110,191,10,5,93,19,22,8,27,101,17,31,164,2277,54,306,37,7,16,16,13,98,17,400,32,1,37,325,39,65,19,22,9,6,56,21,4,29,684,0,27,3
3/16/2020,36,1,18,17,392,147,41,19,22,156,240,11,5,105,24,23,11,36,137,22,37,197,3021,60,402,65,7,17,45,17,178,21,487,33,1,50,394,47,80,21,35,10,10,56,29,8,51,810,0,53,3
3/17/2020,51,3,18,24,472,181,68,20,31,225,283,16,5,160,30,29,16,42,190,32,57,218,3865,77,482,110,11,22,55,26,267,23,730,39,5,67,485,65,109,31,40,11,14,63,29,10,67,928,1,88,11
3/18/2020,61,8,27,37,510,211,96,24,39,323,378,22,10,288,39,38,21,53,261,44,85,256,4829,89,594,165,12,26,63,39,427,28,1043,62,7,88,567,75,152,42,59,11,18,82,40,12,68,1089,2,106,16
3/19/2020,88,11,44,64,675,280,159,35,71,388,493,39,23,422,56,44,35,71,392,51,107,328,5673,115,689,235,15,34,95,44,742,35,1683,104,19,119,661,88,218,52,76,14,29,108,68,14,94,1222,5,155,18
3/20/2020,115,14,63,100,1006,362,194,48,77,531,615,49,31,585,79,45,44,99,537,59,149,413,6714,115,814,336,21,38,109,55,890,43,2694,153,26,169,730,114,317,64,122,14,59,175,102,20,114,1424,8,206,22
3/21/2020,149,15,104,118,1224,485,223,57,98,756,701,59,42,753,126,68,55,122,763,70,190,525,7566,137,912,413,27,44,154,65,1327,57,4145,209,28,247,803,137,432,81,174,14,221,235,125,36,114,1559,12,281,24
3/22/2020,180,25,152,164,1468,604,327,64,116,1040,856,79,47,1049,201,90,64,143,1035,91,244,646,8412,236,1004,488,34,48,190,78,1914,65,6123,287,30,351,877,161,548,103,222,21,372,263,169,44,152,1739,16,381,24
3/23/2020,224,38,253,197,1733,729,415,77,137,1221,1077,93,51,1285,259,105,82,162,1172,107,288,777,9745,262,1169,660,37,53,245,101,2844,83,8570,325,32,442,937,191,698,121,244,28,505,287,280,68,254,2022,20,416,26
3/24/2020,294,42,326,230,1955,926,618,116,183,1507,1259,102,71,1535,365,124,98,243,1388,117,349,1159,10900,287,1307,860,48,65,278,108,3675,100,10761,423,37,564,1026,209,942,129,348,30,627,712,298,86,290,2252,39,457,30
3/25/2020,467,49,401,306,2535,1103,875,149,231,1997,1540,119,123,1865,477,145,98,293,1946,146,423,1838,12158,346,1439,1081,65,72,321,137,4402,112,12955,544,45,704,1116,266,1201,160,391,41,712,975,346,112,391,2528,51,585,44
3/26/2020,569,63,508,349,3006,1416,1012,167,267,2546,1843,136,189,2538,645,179,168,364,2305,167,580,2417,13376,399,1559,1329,90,74,535,158,6876,136,15865,661,58,867,1216,316,1749,197,474,46,869,1394,402,144,460,2866,76,707,55
3/27/2020,677,74,665,386,3801,1712,1291,190,304,3194,2367,171,230,3026,981,235,202,404,2746,209,774,3240,14759,399,1724,1611,121,89,621,187,8825,191,19237,791,68,1137,1296,414,2288,233,506,58,1037,1731,466,168,604,3389,96,842,73
3/28/2020,794,91,773,409,4643,2041,1524,228,342,3897,2592,199,261,3491,1232,298,261,509,3315,251,992,4257,15865,441,1826,1794,147,114,738,214,11124,208,22552,964,94,1406,1388,479,2849,284,589,68,1244,2048,588,194,604,4017,113,989,84
3/29/2020,873,110,919,443,10566,2284,1993,276,401,4784,2835,230,310,4596,1514,336,319,577,3540,273,1239,4955,16823,576,1928,1928,173,134,920,258,13386,237,25745,1105,98,1653,1476,548,3486,384,718,90,1440,2552,789,215,739,4454,124,989,87
3/30/2020,994,118,1157,504,5763,2619,2571,322,495,5629,3224,252,415,5057,1786,424,368,607,4025,301,1413,5752,18505,576,2091,2273,184,153,1044,314,16636,281,29044,1234,109,1933,1560,606,4181,467,831,101,1542,2874,806,236,1020,4575,145,1221,95
3/31/2020,1056,128,1289,560,6932,2951,3128,357,495,6546,4236,283,525,5994,2159,497,428,709,5237,341,1660,6620,19903,689,2242,2558,203,180,1113,367,18696,315,32656,1428,126,2199,1655,690,4959,543,978,108,1981,3266,934,273,1020,5224,162,1351,120
4/1/2020,1168,141,1413,614,8155,3335,3557,427,586,7580,4806,311,669,6980,2565,549,482,839,6424,376,1985,7738,21593,742,2396,2819,228,219,1279,415,22255,363,36273,1579,147,2547,1746,736,5952,630,1139,129,2268,3996,1012,300,1484,5704,191,1550,137
4/2/2020,1364,149,1598,679,9191,3739,3824,464,653,8848,5443,350,891,7695,3039,614,552,948,9150,433,2331,8966,22811,789,2550,3088,244,269,1458,479,25590,403,40572,1855,159,2902,1853,826,7084,678,1358,165,2625,4665,1165,338,1706,6125,217,1730,150
4/3/2020,1599,160,1769,738,10701,4189,4915,496,757,10130,5931,373,1013,8904,3457,699,620,1099,10297,455,2758,10402,24107,789,2707,3314,262,293,1514,540,29895,495,45704,2093,173,3312,1963,899,8471,769,1613,187,2894,5324,1246,367,2012,6558,237,1916,166
4/4/2020,1720,171,2019,743,12026,4579,5276,667,902,11289,6353,388,1077,10357,3953,786,698,1198,12496,469,3125,11736,25191,865,2850,3444,281,330,1742,621,34124,543,50398,2379,186,3739,2053,999,10175,879,1763,212,3146,6112,1428,430,2012,6989,282,2112,187
4/5/2020,1897,185,2269,853,13438,4967,5675,728,998,12048,6649,406,1101,11256,4411,868,813,1302,13010,498,3609,12500,26115,986,2977,3547,300,375,1836,669,37505,624,54480,2636,207,4043,2103,1068,11612,1037,1985,240,3347,6793,1605,481,2407,7399,324,2267,200
4/6/2020,2070,191,2456,915,14336,5191,6906,797,1097,13214,7388,428,1170,12262,4944,946,845,1371,14867,519,4045,13837,27573,1069,3181,3840,320,429,1953,715,41090,686,58188,2888,225,4450,2161,1132,13104,1185,2124,288,3659,7273,1716,510,2878,7797,345,2440,212
4/7/2020,2299,213,2575,993,15865,5462,7781,892,1211,14218,8950,449,1210,13549,5507,1048,900,1493,16284,536,4371,15202,28889,1154,3317,4058,332,476,2087,747,44416,794,61897,3150,237,4782,2246,1181,14663,1418,2309,320,3887,8261,1804,542,3333,8108,412,2578,221
4/8/2020,2605,226,2726,1071,16957,5725,8781,1114,1440,15266,10080,458,1232,15078,5943,1145,1076,1667,17030,559,5529,16567,30110,1242,3495,4284,352,521,2318,788,47437,865,67513,3450,251,5148,2343,1239,16470,1699,2507,393,4193,9353,1916,570,3645,8422,412,2756,230
4/9/2020,2945,235,3018,1127,18309,6278,9784,1227,1523,16298,10693,469,1353,16422,6351,1270,1106,1801,18283,587,6185,18941,31222,1336,3680,4483,365,575,2456,819,51027,989,72910,3698,269,5512,2456,1321,18503,1983,2646,447,4398,10230,2061,588,4042,8814,523,2885,239
4/10/2020,3103,246,3112,1202,19472,6648,10131,1326,1660,17381,11627,489,1396,17887,6907,1388,1241,1868,19253,619,6968,20845,32379,1336,3860,4699,365,648,2584,885,54588,1091,78128,3993,278,5878,2552,1371,20320,2308,2897,536,4677,11671,2102,635,4509,9131,574,3068,253
4/11/2020,3336,257,3393,1234,20615,7088,11510,1477,1778,18454,12046,503,1407,19180,7435,1510,1279,1952,20014,636,7694,23918,33282,1514,4006,4790,377,709,2700,929,58151,1174,82150,4229,293,6250,2680,1447,22083,2616,3163,626,4872,12561,2206,665,4509,9584,591,3221,261
4/12/2020,3657,272,3539,1307,21794,7526,12035,1611,1875,19264,12203,507,1458,20852,7928,1587,1377,2046,20595,699,8225,25475,34015,1621,4146,4883,394,810,2836,985,61850,1245,85486,4534,308,6518,2750,1527,23263,2923,3305,730,5164,13484,2338,683,5077,9829,611,3341,270
4/13/2020,3859,277,3702,1410,22348,7910,13381,1718,1955,20193,13289,513,1486,22025,8236,1710,1376,2121,21016,735,8936,26867,35180,1695,4363,5123,398,864,2971,1020,64584,1345,88268,4833,331,6975,2795,1584,24574,3181,3421,868,5389,13906,2392,701,5747,10100,626,3428,373
4/14/2020,4030,285,3806,1498,23253,8202,13989,1862,2058,20789,14133,524,1486,23247,8527,1899,1477,2245,21518,769,9472,28163,36236,1809,4582,5321,404,912,3088,1091,68824,1407,91743,5018,341,7280,2903,1633,25670,3442,3544,1168,5605,14624,2453,706,6171,10345,694,3555,494
4/15/2020,4294,293,3962,1583,24424,8517,14755,2052,2197,21687,14819,535,1587,24593,8955,1995,1494,2369,21951,794,10032,29918,37291,1862,4820,5527,415,978,3211,1139,71030,1484,95477,5189,365,7791,2970,1663,26903,3731,3673,1168,5787,15492,2637,715,6500,10551,718,3721,393
4/16/2020,4451,300,4234,1635,26182,8938,15884,2113,2350,22874,15808,544,1609,25733,9542,2141,1588,2471,22532,827,10784,32181,38426,2013,5012,5727,422,1068,3321,1211,75317,1597,99138,5483,393,8414,3060,1736,28229,4083,3768,1311,6050,16455,2760,722,6889,10875,739,3875,401
4/17/2020,4543,309,4507,1702,27528,9290,16809,2226,2476,23953,16716,564,1655,27575,10154,2332,1760,2568,23118,846,11572,34402,39445,2174,5228,5890,422,1166,3524,1287,78467,1711,102290,5876,439,9107,3130,1785,30053,4375,4035,1411,6340,17371,2805,733,7491,11160,775,4045,412
4/18/2020,4773,314,4719,1777,28963,9713,17550,2505,2666,24701,17068,572,1668,29160,10641,2513,1811,2679,23580,867,12308,36372,40278,2213,5400,6039,426,1331,3626,1342,81436,1798,105548,6169,528,10222,3223,1844,31844,4650,4194,1542,6660,18260,2946,742,8053,11485,825,4199,423
4/19/2020,4963,319,4929,1781,30333,9984,17962,2621,2793,25416,17573,576,1672,30357,11210,2902,1849,2804,23928,875,12830,38077,40894,2470,5581,6172,433,1479,3728,1392,85301,1845,108350,6523,585,11602,3312,1910,33155,4977,4355,1635,6833,18923,3151,753,8053,11759,863,4346,426
4/20/2020,5147,321,5064,1964,30978,10300,19815,2815,2927,26159,18416,578,1736,31508,11686,3159,1986,2940,24523,888,13684,39643,42027,2567,5895,6425,437,1645,3830,1447,88806,1971,110706,6815,627,12919,3374,1956,34098,5340,4493,1685,7110,19458,3259,756,8990,11999,902,4499,428
4/21/2020,5388,329,5251,2262,33261,10601,20360,3004,3098,27015,19028,584,1766,33059,12097,3641,2025,3041,24854,907,14193,41199,43429,2721,6156,6646,439,1753,3937,1491,92387,2072,112365,7033,644,13725,3531,2002,35344,5706,4559,1754,7360,20196,3369,758,9630,12250,914,4620,441
4/22/2020,5677,335,5459,2281,35396,11065,22469,3279,3206,27708,19925,589,1802,35108,12438,3748,2211,3248,25317,937,14775,42944,44908,2721,6435,6874,442,1813,4081,1588,95865,2210,114784,7330,679,14117,3612,2059,36640,6097,4740,1858,7648,21069,3540,764,10266,12467,963,4845,447
4/23/2020,5883,337,5769,2465,37369,11469,23100,3407,3361,28921,20856,592,1836,36934,13039,3924,2482,3405,25798,965,15737,46023,46192,3185,6670,7099,444,2206,4208,1670,99989,2379,117605,7726,709,14694,3699,2127,38464,6515,4883,1956,8147,21944,3722,767,10998,12679,981,5052,453
4/24/2020,6075,339,6045,2810,39254,12438,23921,3550,3528,29656,21537,594,1870,39658,13680,4445,2777,3584,26140,989,16616,50969,47572,3185,6947,7304,444,2526,4398,1720,102196,2521,121117,8196,748,15169,3788,2177,40279,6907,5030,2040,8599,22806,3782,770,11594,12955,1010,5356,473
4/25/2020,6257,339,6280,2909,41137,13149,24582,3682,3699,30454,22223,596,1887,41777,14395,5092,3056,3790,26512,1015,17766,53348,48265,3446,7140,7422,445,2836,4539,1787,105523,2660,127030,8629,803,15587,3890,2253,41712,7160,5204,2147,9067,23773,3948,778,12366,13209,1025,5687,491
4/26/2020,6458,341,6526,2941,42164,13642,25269,4134,3841,30962,22494,597,1897,43903,15012,5475,3174,3992,26832,1022,18581,54938,48922,3602,7312,7494,449,3165,4602,1864,109038,2726,129787,8924,867,15963,3952,2311,43040,7436,5458,2212,9368,24631,4214,784,12970,13486,1053,5911,502
4/27/2020,6604,345,6716,3055,43464,14079,25997,4263,3892,31704,23268,598,1917,45883,15961,5868,3328,4124,27111,1037,19487,56462,50183,4181,7630,7764,451,3507,4690,1938,111188,2823,131507,9335,942,16325,4009,2354,43992,7537,5609,2245,9666,25297,4307,787,13535,13705,1077,6081,520
4/28/2020,6803,351,6948,3121,45031,14574,26312,4657,3994,32040,23850,602,1952,48102,16588,6376,3491,4250,27329,1055,20113,58302,51401,4645,7912,8130,451,3521,4812,2010,113857,2974,132768,9782,991,16769,4198,2385,45390,7851,5760,2313,9963,26171,4423,792,14339,13860,1095,6289,536
4/29/2020,6962,355,7202,3192,46500,15012,26767,4764,4106,32550,24704,606,1984,50355,17182,6843,3738,4500,27703,1093,20849,60265,52859,5136,8213,8437,451,3947,4898,2054,116265,3213,134850,10139,1033,17303,4346,2446,46537,8177,5870,2373,10236,27054,4605,792,14961,14068,1109,6520,544
4/30/2020,7168,355,7648,3255,48917,15859,27700,4802,4323,33523,25241,607,2015,52918,17835,7145,4238,4709,28044,1120,21742,62205,54435,5136,8460,8700,453,4461,5007,2146,118653,3411,136894,10705,1067,18027,4444,2510,48134,8511,5987,2449,10804,28087,4753,796,15846,14349,1125,6854,559
5/1/2020,7422,364,7962,3310,50442,16319,28764,4996,4658,34226,26176,607,2035,56055,18630,7884,4449,5021,28711,1146,23472,64311,55606,5730,8743,8988,453,4973,5227,2310,121205,3513,138624,11113,1107,18743,4554,2579,49597,8816,6190,2525,11806,29229,4828,809,16901,14679,1151,7314,566
5/2/2020,7682,365,8364,3372,52197,16784,29287,5126,4797,34860,26557,610,2061,58505,19295,8641,4746,5252,29140,1178,24473,66263,56292,6228,8937,9056,455,5288,5311,2429,123736,3732,140623,11580,1153,19335,4670,2635,51000,9077,6350,2588,12575,30522,4981,813,17731,15006,1184,7660,579
5/3/2020,7960,368,8640,3431,53616,17195,29312,5274,5016,35627,26841,611,2061,61449,19933,9169,5030,5385,29383,1197,25462,68087,56793,7238,9085,9124,457,5637,5426,2518,126764,3850,142084,11919,1191,19914,4711,2680,52073,9276,6549,2631,12812,31548,5261,824,18671,15256,1195,7964,586
5/4/2020,8185,370,8919,3469,54937,17443,29973,5573,5170,36193,27594,614,2106,63840,20507,9703,5245,5509,29746,1215,26408,69087,58263,7234,9394,9334,457,6068,5500,2588,128297,4031,143302,12158,1225,20474,4746,2759,53012,9454,6690,2668,13182,32332,5406,829,19492,15560,1224,8236,596
5/5/2020,8502,371,9305,3496,56212,17811,30621,5787,5322,36773,28196,615,2127,65962,21033,10111,5458,5781,30069,1245,27117,70271,59707,7851,9688,9604,456,6424,5603,2636,130631,4138,144318,12474,1266,20969,4869,2839,53883,9717,6811,2721,13492,33369,5530,834,20256,15697,1242,8566,604
5/6/2020,8750,372,9707,3611,58815,18209,30995,5951,5461,37404,28998,617,2158,68232,21870,10404,5734,6095,30399,1317,28163,72025,61189,8579,10067,9787,456,6788,5663,2740,131932,4291,145627,12912,1323,21576,4963,2916,54844,10041,6903,2779,13681,34422,5595,837,20256,15974,1276,8901,631
5/7/2020,9094,374,9945,3665,60614,18659,31784,6140,5654,37744,29819,617,2178,70873,22503,11059,6144,6275,30725,1360,29374,73721,62445,10088,10340,9927,459,7446,5766,2843,133685,4493,147253,13543,1371,22131,5035,2989,55975,10256,6997,2905,13940,35390,5794,841,21570,16309,1297,9215,635
5/8/2020,9415,377,10526,3747,62512,19122,32411,6310,5899,38508,30363,619,2205,73760,23146,11457,6501,6461,30928,1393,30485,75333,65293,10088,10614,10058,458,7832,5884,2947,135519,4673,148624,14047,1425,23016,5188,3068,57453,10433,7201,3144,14332,36609,6041,843,22342,16499,1323,9590,644
5/9/2020,9698,378,10960,3984,64561,19673,32984,6474,6102,39192,30670,620,2230,76085,23732,11671,6751,6642,31490,1420,31534,76743,66474,11271,10781,10171,458,8180,6028,3011,137160,4778,149833,14513,1464,23697,5300,3160,58617,10636,7434,3393,14527,37860,6234,845,23196,16773,1347,9939,653
5/10/2020,9958,379,11119,3984,66680,20032,33554,6599,6272,39579,31546,622,2230,77741,24126,11959,6984,6766,31673,1438,32587,77793,66961,11271,10979,10236,458,8242,6109,3071,138609,4863,150978,14997,1491,24081,5355,3228,60074,10988,7609,3517,14771,38869,6317,852,24081,17011,1362,10219,662
5/11/2020,10238,381,11380,4043,67939,20252,33765,7071,6389,40184,32005,623,2260,79007,24627,12373,7116,6874,31881,1465,33373,78462,69581,11799,11341,10415,459,8496,6163,3160,140037,5069,151698,15264,1518,24777,5391,3286,60648,11125,7716,3614,15018,39869,6395,852,25070,17241,1369,10418,669
5/12/2020,10543,383,11736,4164,69382,20504,34333,7187,6485,40978,32773,626,2293,83021,25127,12912,7116,7070,32116,1501,34061,79332,72260,12917,11649,10587,459,8704,6322,3239,140851,5212,152362,15590,1571,25250,5515,3358,61454,11268,7855,3663,15570,41048,6548,853,25800,17387,1378,10611,675
5/13/2020,10799,384,12176,4236,65981,20802,34855,7253,6584,41769,33331,626,2324,84698,25473,13289,7468,7342,32728,1542,34812,80497,73848,12917,11925,10834,462,9060,6405,3299,141681,5364,153411,16021,1647,25721,5808,3416,62213,11467,8002,3732,16266,42403,6675,855,26746,17549,1404,10902,688
5/14/2020,11138,389,12674,4348,73164,21241,35464,7314,6736,42657,33657,626,2351,87937,26053,13675,7468,7543,33555,1583,35903,82182,77180,14240,12194,11020,466,9423,6499,3382,142843,5503,154506,16711,1712,26357,5919,3479,63196,11678,8134,3792,16586,43851,6837,856,27813,17791,1434,11275,701
5/15/2020,11470,390,13169,4463,74936,21656,36085,7432,6871,43034,34270,628,2389,90369,26655,14049,7886,7818,33903,1626,36986,83421,80792,14240,12533,11204,466,9738,6629,3464,144057,5662,155456,17522,1761,26954,6017,3541,64243,11878,8334,3887,16847,45198,7012,857,28672,18004,1447,11685,716
5/16/2020,11804,394,13631,4578,76793,22091,36703,7849,7042,44170,34832,629,2419,92457,27280,14328,7886,8061,34183,1661,37968,84933,81494,15668,12756,11294,468,10162,6662,3556,145247,5847,156632,18258,1848,27474,6123,3612,65291,12191,8579,3959,17040,46999,7166,858,29683,18320,1470,12187,741
5/17/2020,12114,398,13937,4759,78839,22425,37419,7984,7123,44822,35455,629,2419,94191,27778,14651,7886,8165,34498,1688,38804,86010,81946,16372,12930,11397,470,10274,6872,3596,146499,5938,157528,18739,1900,27923,6183,3623,65963,12379,8888,3987,17300,47784,7305,864,30388,18481,1490,12543,754
5/18/2020,12413,401,14170,4813,80430,22646,38116,8175,7270,45422,36117,630,2455,96485,28255,15082,8340,8276,34832,1716,39762,87052,84491,17029,13302,11605,470,10586,6921,3652,148219,6096,158141,19148,1931,28272,6214,3687,66789,12508,9047,4027,17771,48693,7459,864,31140,18676,1502,12687,766
5/19/2020,12799,401,14566,4923,81795,22923,38430,8285,7434,45896,36889,631,2476,98030,28705,15349,8340,8468,35161,1793,41546,87925,87181,17670,13606,11783,478,10820,7046,3721,149212,6192,159024,19665,1994,28952,6319,3726,67369,12637,9206,4085,18112,49912,7595,868,32145,18846,1514,12885,776
5/20/2020,13158,404,14897,5003,84057,23212,39017,8361,7551,47090,37669,635,2506,100418,29274,15595,8539,8665,35439,1855,42323,88970,88426,17670,13945,11999,478,11112,7182,3868,150625,6317,159820,20174,2095,29436,6429,3801,68182,12834,9341,4177,18446,51323,7808,869,32908,19019,1567,13431,787
5/21/2020,13562,404,15315,5458,86197,23587,39208,8462,7788,47815,38356,635,2534,102686,29936,16170,8539,8827,36627,1921,43531,90084,89671,19005,14302,12257,479,11362,7271,3935,151716,6472,160783,20986,2229,30167,6515,3817,69118,13016,9497,4250,18705,52268,7981,874,34137,19142,1603,13885,801
5/22/2020,13926,406,15608,5612,88444,23895,39640,8594,7893,48541,39387,636,2595,105444,30409,16504,8958,9007,37048,1986,44424,90899,91597,19845,14623,12464,479,11734,7401,4014,152989,6625,161670,21775,2317,30794,6612,3864,70061,13177,9727,4356,19088,53449,8179,876,34950,19341,1705,14396,803
5/23/2020,14299,410,16039,5775,90631,24357,40022,8703,7966,49092,40366,636,2626,107796,30901,16898,8958,9165,37163,2028,45495,91662,92087,19845,14862,12550,479,11933,7696,4089,153379,6795,162660,22719,2365,31408,6708,3888,70838,13404,10006,4468,19473,54509,8331,878,35749,19630,1729,14877,813
5/24/2020,14650,410,16339,5922,92710,24584,40468,8838,8110,50070,41090,636,2626,110304,31376,17250,8958,9297,37292,2049,46313,92675,92435,20573,15117,12614,479,12103,7786,4149,154434,6943,163392,23287,2418,31911,6749,3927,71539,13480,10278,4563,19891,55348,8500,880,36244,19866,1771,15277,838
5/25/2020,15283,411,16561,6029,94558,24853,40873,8995,8225,50568,41622,636,2684,112017,31715,17577,9218,9316,37914,2081,47152,93271,92766,21960,15416,12689,479,12325,7888,4197,155376,7026,164033,23843,2457,32477,6792,3949,72069,13576,10486,4586,20222,55971,8584,886,37727,20131,1782,15584,843
5/26/2020,15871,413,16783,6180,96733,25159,41303,9089,8334,51045,41972,636,2699,113195,32078,17703,9218,9488,38159,2107,47687,93693,93911,22464,15818,12946,479,12560,7998,4231,156064,7130,164535,24306,2422,33006,6861,3967,72525,13583,10586,4653,20816,56560,8658,891,39342,20294,1854,15863,850
5/27/2020,16234,414,17262,6277,98980,25364,41288,9127,8406,51655,42681,638,2731,114306,32437,18357,9337,9643,38602,2154,48423,94220,95094,22464,16201,13208,485,12943,8113,4286,156945,7252,164997,24924,2439,33439,6972,4038,73308,13778,10922,4710,21170,57921,8815,893,40249,20433,1899,16462,860
5/28/2020,16719,427,17763,6538,101697,25648,41559,9203,8492,52874,43519,641,2769,115833,33068,18585,9337,9813,38907,2184,49709,94895,96146,23531,16647,13409,493,13188,8225,4386,157523,7364,165682,25582,2481,33915,7084,4086,73961,13930,11141,4793,21384,59776,9137,897,41401,20751,1935,16974,876
5/29/2020,17232,432,18465,6777,103886,25994,41762,9279,8538,53620,44145,644,2803,117455,33558,18956,9719,10106,38907,2239,50988,95512,97200,23531,16996,13619,505,13643,8350,4492,159196,7493,166285,26722,2520,34566,7217,4131,74687,14039,11324,4866,21980,61006,9429,898,42533,21056,1972,17707,891
5/30/2020,17659,435,19255,7013,106878,26483,42022,9436,8717,54496,44883,644,2839,118917,34211,19244,9719,10270,39682,2285,52015,96301,97719,24850,17224,13917,505,13894,8495,4545,159969,7624,166909,27781,2554,35034,7335,4185,75411,14148,11648,4960,22210,62338,9688,900,43611,21372,1989,18230,898
5/31/2020,18172,463,19936,7253,110583,26788,42201,9505,8801,55198,45612,644,2839,120260,34574,19552,9719,10374,39916,2313,52778,96965,98121,25208,17447,14093,515,14066,8610,4651,160807,7689,167467,28686,2577,35513,7427,4243,75940,14266,12058,4993,22666,64287,9944,904,44607,21611,2010,18403,903
6/1/2020,18496,470,20123,7443,113006,26940,42740,9633,8857,55807,46501,645,2906,121234,34830,19698,10011,10511,40452,2344,53327,97291,99002,25208,17823,14360,523,14338,8688,4685,161293,7800,167947,29465,2625,35984,7493,4302,76344,14329,12420,5034,23273,64880,10101,907,45398,21994,2028,18543,910
6/2/2020,18705,490,21250,7818,115310,27152,42979,9694,8886,57022,47079,646,2933,122848,35237,20015,10011,10739,40857,2383,54175,97539,100065,25508,18145,14577,525,14557,8830,4749,161951,8024,168663,30094,2646,36413,7685,4335,76950,14441,12686,5067,23876,66568,10353,907,46239,22191,2056,18917,912
6/3/2020,18925,508,22223,8067,117687,27399,43091,9729,9016,58300,47802,647,2990,123830,35712,20108,10170,10981,41133,2415,54982,97964,100953,25870,18479,14795,539,14876,8951,4795,162492,8140,169213,30913,2679,36792,7844,4399,77488,14498,12952,5162,24520,68271,10737,909,46905,22453,2077,19400,915
6/4/2020,19233,518,22753,8425,119807,27706,43239,9773,9120,59306,48744,653,3054,124759,36096,20804,10170,11167,41562,2452,55858,98376,101813,26273,18734,15031,539,15122,9090,4876,162970,8353,169727,32122,2706,37282,8034,4474,78043,14600,13194,5247,24873,69920,11015,945,47856,22657,2102,19892,921
6/5/2020,19881,529,24332,8651,122901,27983,43460,9830,9199,60543,49543,661,3111,125915,36578,21146,10393,11428,41989,2493,56770,98796,102593,27501,19112,15261,540,15304,9285,4953,163795,8672,170268,33375,2745,37758,8211,4570,78516,14711,13628,5277,25099,71613,11252,946,48532,23009,2119,20249,933
6/6/2020,20325,541,25451,9101,126016,28222,43818,9904,9269,61938,50126,662,3139,126890,36997,21478,10393,11708,42486,2538,57482,99301,103014,27886,19361,15350,540,15464,9460,5019,164361,8800,170805,34696,2816,38111,8448,4662,79291,14811,14124,5367,25607,73553,11939,963,49397,23434,2136,20571,939
6/7/2020,20745,549,26889,9426,128812,28385,43968,9981,9332,62977,50650,663,3139,127757,37397,21588,10393,11784,42816,2555,57973,99562,103322,28224,19585,15404,548,15549,9649,5043,164640,8940,171128,35631,2861,38476,8591,4808,79727,14866,14646,5438,26075,74978,12117,979,50681,23575,2144,20835,947
6/8/2020,21235,567,27678,9740,131319,28518,44092,10029,9389,64128,51298,669,3189,129139,37623,21988,10650,11905,43050,2574,58404,99755,104253,28523,20013,15708,548,15705,9805,5079,164988,9062,171446,36741,2880,38837,8746,4922,80096,14918,15027,5471,26501,75616,12429,991,51251,23991,2161,21038,960
6/9/2020,21802,578,28296,10080,133489,28701,44179,10081,9474,65369,52106,673,3220,129936,38033,22237,10650,12159,43612,2606,58904,99955,105077,28869,20461,15975,554,15812,10030,5132,165304,9105,171789,37569,2901,39162,9036,4988,80600,14964,15568,5523,26987,77253,12704,999,51738,24319,2179,21308,970
6/10/2020,22626,598,29853,10368,136191,28834,44347,10116,9537,67042,52910,679,3260,130561,38337,22603,10812,12360,44030,2635,59465,100158,105896,29316,20955,16272,561,15993,10164,5178,165870,9250,172038,38429,2941,39575,9318,5060,81040,15026,16024,5604,27572,79757,13048,1009,52177,24563,2193,21593,980
6/11/2020,23334,616,31266,10816,139281,28958,44461,10183,9589,68690,54011,694,3302,131327,38748,22973,10812,12431,44472,2682,60197,100504,106632,29316,21415,16788,573,16241,10417,5209,166365,9367,172375,39697,2980,40004,9738,5237,81578,15113,16520,5665,27999,81583,13429,1025,52647,24772,2217,21926,1009
6/12/2020,24365,630,32921,11547,141983,29194,44689,10240,9654,71203,54974,711,3353,132059,39146,23348,11047,12722,44995,2719,60613,100811,107439,29795,21917,17096,588,16460,10678,5251,166732,9526,172760,41320,3016,40424,10093,5377,82263,15192,17208,5742,28611,83680,13789,1034,53211,25009,2249,24722,1027
6/13/2020,25323,656,34462,12095,145643,29427,44994,10300,9709,73348,56017,716,3399,132732,39543,23717,11047,13004,46283,2754,61305,101070,107884,30172,22274,17251,588,16561,10964,5299,167186,9621,173137,42813,3058,40848,10479,5535,82709,15255,18083,5833,29155,86011,14184,1038,53869,25478,2274,25031,1050
6/14/2020,26142,665,35696,12501,148855,29549,45088,10343,9767,75110,56869,724,3399,133404,39909,23926,11047,13099,46619,2764,61701,101276,108185,30693,22587,17356,609,16666,11173,5318,167472,9723,173446,44159,3080,41148,10767,5636,83058,15323,18921,5898,29691,87854,14469,1040,54506,25659,2290,25295,1060
6/15/2020,26444,668,36711,12917,151452,29681,45235,10417,9799,77815,57720,727,3462,133877,40430,24077,11419,13285,47172,2772,62032,101334,109044,30882,23142,17786,612,16837,11297,5345,167716,9845,173685,45240,3101,41576,11039,5820,83412,15354,19687,5928,30294,89108,14826,1041,54886,26087,2322,25480,1079
6/16/2020,26990,681,39104,13191,153560,29823,45349,10475,9818,80240,58590,732,3540,134500,40786,24179,11419,13523,47706,2789,62409,101474,109874,31296,23702,18244,630,16988,11658,5364,168069,9933,173984,46192,3124,42010,11574,6098,83765,15428,20302,5966,31000,93206,15141,1044,55331,26480,2341,25789,1089
6/17/2020,27893,701,40932,13606,157015,30076,45429,10523,9847,82944,59684,750,3632,135046,41013,24461,11681,13723,48634,2832,62969,101654,110849,31296,24223,18668,630,17174,11860,5436,168370,10065,174201,47046,3166,42422,12127,6218,84132,15474,20879,6050,31611,96335,15539,1044,55775,26713,2376,26079,1114
6/18/2020,28622,713,43452,13928,161099,30330,45440,10585,9903,86234,60707,776,3743,135639,41438,24854,11681,13972,48634,2865,63229,101853,111653,31675,24792,19226,666,17335,12094,5450,168795,10153,174500,48413,3193,43122,12657,6366,84581,15512,21473,6109,32016,99851,16199,1050,56238,27080,2418,26542,1144
6/19/2020,29169,729,46699,14631,165416,30677,45557,10627,9952,90234,61974,788,3871,136470,41746,25275,12059,14221,48515,2891,63548,102005,112501,32467,25349,19648,698,17481,12515,5450,169213,10260,174886,50017,3226,43731,13192,6572,85132,15549,22469,6158,33110,103305,16826,1058,56793,27582,2468,26852,1173
6/20/2020,29625,750,49809,15142,169309,30857,45715,10675,9984,94877,63788,798,4006,137104,42061,25496,12059,14480,49385,2911,63956,102228,112981,32920,25784,19856,716,17584,13160,5518,169568,10430,175211,51493,3251,44262,13701,6750,85623,15630,23550,6225,33846,107735,17400,1061,57443,28130,2500,27294,1179
6/21/2020,30063,761,52402,15561,173824,31063,45755,10765,10020,97638,64673,802,4006,137762,42423,25957,12059,14606,49778,2922,64306,102333,113426,33227,26150,20030,717,17682,13434,5544,169889,10565,175490,52770,3288,44808,14074,6937,86093,15669,24723,6297,34251,111601,17825,1073,57994,28413,2543,27587,1197
6/22/2020,30710,767,54599,16083,178054,31205,45782,10814,10058,101427,65944,805,4254,138224,42633,26051,12465,14716,50239,2941,64603,102469,114614,33469,26922,20648,734,17858,13764,5558,170194,10694,175747,53874,3313,45537,14345,7083,86552,15699,25631,6326,34841,114881,18135,1077,58465,28812,2571,27838,1230
6/23/2020,31830,783,58193,16678,183073,31400,45899,10860,10094,106875,67804,818,4402,138825,42871,26372,12465,14965,51595,2965,65007,102651,116013,33763,27739,21225,766,17966,14228,5571,170232,10838,176029,54891,3320,46127,14955,7274,87078,15748,26643,6353,35465,120370,18660,1078,58994,29233,2593,28127,1254
6/24/2020,32814,797,58202,17375,190222,31657,45913,10903,10128,111902,69639,833,4645,139540,43140,26705,12970,15227,52477,3023,65337,102762,117413,33763,28603,21843,803,18100,14592,5598,170571,10990,176318,56178,3362,46759,15529,7444,87574,15814,27557,6419,36478,125921,19185,1087,59514,29731,2629,28593,1282
6/25/2020,33810,821,63046,18062,195571,31917,45994,11000,10159,120747,71382,849,4865,140434,43655,27257,12970,15548,53415,3058,65777,102922,118901,34616,29418,22426,829,18223,15085,5638,171064,11192,176716,57535,3393,47651,16121,7568,88167,15866,28860,6479,37317,131917,19816,1094,59946,30265,2694,29105,1326
6/26/2020,34832,839,66475,18740,200461,32245,46059,11078,10185,130310,73458,855,5148,141344,44140,27685,13538,15832,54769,3110,66115,103071,120280,34616,30242,23002,852,18457,15472,5638,171476,11408,177150,59139,3421,48638,16782,7818,88785,15914,30006,6535,38382,137624,20481,1102,60570,30787,2730,29668,1368
6/27/2020,35011,858,70069,19310,206433,32530,46206,11190,10216,138649,75410,881,5319,142130,44575,28012,13538,16193,54769,3146,66450,103376,121025,35549,30744,23362,852,18700,16576,5671,171787,11619,177489,60886,3458,49455,17367,8094,89414,15961,31297,6626,39355,143366,20986,1104,61247,31314,2782,30227,1392
6/28/2020,36426,887,73927,19818,210412,32826,46303,11322,10248,143992,77596,883,5319,142776,44930,28489,13538,16297,56236,3172,66777,103539,121627,35546,31140,23615,919,18797,17397,5747,172112,11809,177789,62414,3495,50309,17749,8341,89910,15994,32905,6681,39618,148723,21450,1105,61736,31629,2832,30707,1417
6/29/2020,37507,908,74553,20257,216550,32993,46362,11480,10292,149962,79701,901,5752,143514,45228,28782,14443,16479,57081,3205,67254,103628,123500,35861,32029,24497,967,18994,18131,5760,172245,11982,177991,63727,3539,51046,18178,8485,90466,16014,34350,6716,40275,153011,22263,1108,62189,32016,2870,31033,1450
6/30/2020,38389,944,79236,20777,222917,33210,46514,11562,10327,156503,81677,908,6117,144238,45594,28947,14443,16831,58095,3243,67559,103701,125203,36716,32836,25360,1018,19131,18684,5782,172678,12147,178275,64967,3576,51789,19014,8656,91054,16047,35683,6764,42049,159986,22746,1108,62787,32718,2905,31662,1487
7/1/2020,39553,982,84114,21197,232657,33504,46572,11601,10365,165931,84688,928,6370,145066,45952,29458,14990,17092,60178,3274,67918,103858,126829,37210,33700,26303,1083,19238,19328,5802,172979,12276,178604,66840,3615,52865,19847,8931,91712,16107,37673,6826,43692,168062,23386,1110,63203,33259,2979,32225,1514
7/2/2020,41240,1020,87448,22075,240195,33899,46646,11783,10390,175234,88233,956,6593,145066,46387,30209,14990,17445,61561,3310,68423,104016,128230,37624,34414,27251,1123,19412,19964,5822,173456,12520,179052,68417,3657,54166,20704,9294,92561,16177,39309,6893,45109,175977,23921,1125,63735,33997,3053,32809,1550
7/3/2020,42148,1065,91882,22622,248235,34266,46717,11940,10435,186518,91044,980,6994,146872,46915,30430,15919,17879,63289,3331,68961,104228,129157,37624,35125,27883,1128,19637,20946,5822,173874,12776,179510,70466,3722,55257,21482,9636,93353,16237,41579,6978,47023,183532,24571,1134,64393,34736,3126,33431,1582
7/4/2020,43104,1114,94578,23209,254745,34561,46717,12015,10447,196376,93772,1005,7370,147734,47432,31061,15919,18213,63289,3352,69341,104391,129691,38136,35561,28205,1167,19787,21803,5857,174178,13063,179868,71910,3779,56183,22074,9930,93988,16259,43118,7028,48364,191790,25002,1136,65109,35189,3205,34207,1606
7/5/2020,43901,1141,98115,23814,260155,34789,46717,12223,10482,202653,95892,1012,7733,148373,48008,31353,15919,18440,65226,3359,69632,104502,130392,38569,36084,28543,1249,19854,22646,5897,174570,13256,180162,73312,3816,57151,22511,10230,94525,16285,44960,7063,49817,195239,25500,1147,65748,35428,3335,34740,1634
7/6/2020,44802,1168,101468,24253,271684,34975,46976,12331,10515,209876,97534,1053,8052,148987,48331,31657,16901,18690,66327,3383,69904,104659,131995,39133,37539,29716,1249,19971,23137,5914,174815,13507,180433,74737,3849,57956,23006,10395,95037,16302,46426,7105,51152,200557,26004,1149,66102,36675,3442,35230,1675
7/7/2020,46194,1186,105122,24512,277774,35366,47033,12449,10569,220373,101000,1075,8539,149574,48626,32029,16901,19092,68263,3399,70396,104799,133657,39133,38664,30954,1371,20150,24020,5932,175137,13727,180749,76106,3898,58904,24177,10605,95942,16352,47929,7163,52034,210585,26706,1151,66740,37286,3505,35765,1711
7/8/2020,47977,1226,108643,25246,289468,35722,47108,12501,10642,228806,104495,1109,8969,150554,49063,32509,17618,19610,70151,3424,70861,104961,135277,40136,39747,32300,1466,20383,24587,5952,175339,14017,181152,77683,3971,60181,25217,10819,96849,16383,48863,7242,54178,220564,27480,1153,67375,37807,3707,36410,1740
7/9/2020,49496,1273,112701,26052,296499,36133,47209,12573,10679,240044,107333,1136,9428,151572,49575,33243,17618,20034,71994,3440,71447,105138,136785,40767,40927,33505,1569,20586,25139,5973,175621,14251,181461,79676,4070,61331,26233,11188,97584,16448,50406,7336,55816,230346,28054,1167,67988,38445,3826,37210,1774
7/10/2020,51124,1323,116923,26803,304297,36767,47287,12714,10743,250362,111956,1177,9928,152899,50300,33896,18611,20650,74636,3460,71910,105290,138248,41571,41915,34625,1593,20739,26144,5991,176015,14549,181896,81667,4154,62856,27191,11454,98498,16498,52374,7401,57615,240111,28963,1171,68931,39127,3983,38099,1790
7/11/2020,52586,1386,119962,27864,312344,37216,47287,12827,10801,266341,115157,1197,10505,154094,51079,34647,18611,21319,76803,3475,72467,105457,139150,41571,42524,35272,1677,20944,26862,6024,176385,14773,182319,83902,4243,64214,28092,11851,99313,16546,54250,7454,59579,250462,29605,1176,69782,39617,4146,39080,1839
7/12/2020,54554,1478,122500,28367,320804,37593,47287,13042,10847,277551,117728,1217,10902,155048,51612,35171,18611,21871,78122,3493,73109,105629,139913,42772,43131,35715,1841,21118,27894,6054,176758,15028,182655,85889,4334,65592,28604,12170,99963,16584,56505,7499,60752,258658,30177,1188,70670,40447,4244,39877,1862
7/13/2020,55944,1537,123858,28939,329162,37963,47510,13222,10906,286636,121518,1239,11402,155931,52037,35529,20058,22158,79827,3504,73527,105783,141733,43170,44502,37041,1843,21348,28744,6068,177044,15291,182962,87697,4442,66853,29066,12438,100375,16605,58413,7524,63067,264313,30722,1194,71642,41556,4313,40382,1903
7/14/2020,58044,1580,128132,29733,336447,38385,47530,13346,10946,296552,125091,1267,11718,156638,52685,35850,20058,22698,82042,3523,74260,105986,143429,43170,45759,38409,1952,21624,29832,6091,177488,15514,183559,89772,4565,67995,30171,12805,101292,16660,59922,7572,64883,275058,31196,1198,72443,42143,4407,41349,1951
7/15/2020,59954,1631,131390,30297,347634,38800,47636,13438,11026,310362,129193,1286,12445,157825,53370,36294,20933,23240,84131,3546,75016,106128,145188,44347,47115,39605,2218,21863,30673,6113,177898,15841,184024,91686,4668,69311,31208,13081,102379,16695,62128,7652,66983,282365,31664,1210,73527,42849,4557,42197,1985
7/16/2020,61883,1694,134650,31114,356178,39399,47750,13518,11076,321192,132869,1309,13133,159082,54080,37132,20933,23922,86411,3577,75664,106271,146849,45013,48542,40666,2342,22014,32120,6139,178169,16138,184408,93692,4792,70601,32214,13509,103197,16750,63985,7694,68900,292656,32587,1220,74431,44081,4657,43139,2026
7/17/2020,63900,1736,138523,31762,366164,39987,47893,13640,11115,331329,137102,1328,13752,160509,54813,37722,21965,24612,88590,3589,76371,106487,148322,45470,49758,41692,2366,22241,33503,6165,178264,16456,184817,95656,4907,72280,33042,13802,104238,16848,65983,7789,71843,307572,33392,1229,75433,44982,4783,44068,2069
7/18/2020,65922,1798,141304,32533,375363,40514,47893,13718,11194,343655,141845,1356,14302,161785,55654,38041,21965,25230,88590,3609,77206,106664,149210,46204,50622,42336,2471,22364,34689,6188,178551,16736,185184,97998,5019,73822,33959,14149,105063,16908,68050,7862,73962,317730,34045,1232,76373,45751,4922,45099,2108
7/19/2020,67480,1881,143664,33228,384692,40883,47893,13802,11261,354000,145038,1368,14873,162750,56571,38723,21965,26188,91706,3629,78131,106882,149904,46204,51305,42833,2533,22473,35977,6203,178541,16971,185388,99771,5126,74932,34446,14579,105807,16983,69603,7906,76069,325030,34682,1239,77430,46664,5042,45948,2126
7/20/2020,68982,1954,145224,33927,391538,41313,48055,13914,11339,363146,147804,1392,15266,163923,57206,39224,23334,26523,94892,3645,78685,107056,151653,47457,52781,44259,2621,22765,36925,6249,178782,17215,185623,101090,5207,76168,34814,14847,106558,17050,71961,7943,77637,332434,35084,1248,78375,47514,5142,46675,2187
7/21/2020,70337,2044,148725,34665,400769,41874,48096,14058,11427,372682,151536,1409,15822,164878,57916,39473,23334,27057,96583,3667,79545,107221,153182,47961,54174,45475,2712,23097,37741,6262,179129,17517,186087,102985,5367,77215,35905,15139,107608,17110,73417,8019,78829,341739,35648,1252,79371,48408,5199,47836,2238
7/22/2020,72328,2138,150652,35246,413576,42495,48223,14118,11529,382734,155083,1463,16322,166476,58673,40000,24104,27860,99354,3686,80172,107413,154774,48721,55450,46641,2909,23440,38877,6295,179574,17828,186442,104799,5493,78742,36722,15394,108418,17184,75392,8077,81964,351618,36254,1254,80393,49093,5461,48583,2288
7/23/2020,74404,2202,152988,36259,425616,43103,48232,14266,11571,394847,159615,1521,16736,168100,59602,40635,24104,28577,101650,3709,80836,107683,156190,49490,56587,47850,3037,23751,40140,6318,179860,18163,186865,107210,5614,80186,37614,15713,109255,17256,77154,8143,83942,361125,36889,1265,81237,49836,5550,49669,2347
7/24/2020,76506,2259,156346,37249,434828,43823,48776,14343,11649,406824,164638,1591,17264,169699,60598,41271,25109,29479,103734,3744,81766,107897,157561,50291,57790,48964,3247,24123,40140,6375,180359,18475,187258,109446,5736,81746,38308,16104,110482,17332,78868,8200,86451,369826,37681,1269,82364,50699,5695,50727,2405
7/25/2020,77892,2347,160087,37981,445400,44626,48776,14457,11717,415937,168460,1655,17827,171125,61520,41671,25109,30301,103734,3768,83054,108107,158429,50291,58377,49494,3342,24324,42037,6415,180906,18788,187668,111478,5876,83184,39022,16492,111588,17450,80802,8305,88288,375846,38064,1282,83609,51700,5821,51715,2446
7/26/2020,79651,2532,162061,38623,453659,45208,48776,14573,11780,424647,171200,1683,18177,172666,62372,42199,25109,30728,107574,3785,83748,108380,159087,51803,58960,49909,3381,24528,43067,6436,181440,19042,187975,113265,5986,84073,39407,16758,112447,17563,82402,8395,91359,381656,38502,1286,84567,52493,5960,52680,2475
7/27/2020,80958,2626,163875,39447,460550,45408,48983,14681,11858,433649,174277,1730,18694,173897,62907,42554,26172,31029,109917,3796,84876,108562,160683,52281,60157,51253,3381,24824,44055,6441,181933,19502,188293,114834,6141,85177,39769,17088,113198,17627,83607,8444,93658,385923,38915,1288,86072,53027,6054,53281,2520
7/28/2020,82408,2735,165983,40181,466550,46290,49077,14748,11945,442780,178676,1840,19222,174973,63678,42782,26172,31637,111038,3823,85524,108740,162204,52947,61330,52404,3667,25144,45151,6500,182471,19791,188629,116862,6227,86497,40616,17416,114314,17804,84828,8492,95554,394265,39337,1291,86994,54060,6173,54064,2589
7/29/2020,84353,2803,168323,40968,475305,46788,49540,14882,11999,452517,182243,1963,19679,176366,64299,43280,26870,32178,112773,3845,86285,109096,163719,53692,62534,53649,3780,25421,46021,6513,182977,20136,189042,118469,6301,87893,41337,17721,115122,17905,86469,8641,98040,403307,39942,1292,87993,54733,6326,54988,2628
7/30/2020,86354,2887,170849,41759,485502,47256,49670,14968,12057,461297,186426,2085,20246,178138,65253,44039,26870,32871,114481,3869,87177,109400,165160,54464,63799,54721,3954,25804,47170,6544,183217,20388,189507,120826,6469,89626,42009,18131,116054,18001,88205,8685,99212,412107,40258,1293,88904,55605,6422,56079,2686
7/31/2020,87946,2993,174062,42511,493588,47854,49810,15060,12126,470616,190734,2172,20721,180118,66154,44582,27812,33729,116280,3890,88346,109787,166566,55188,64780,55735,3965,26166,48312,6583,183964,20600,189866,122752,6602,91159,42643,18493,117071,18091,89952,8764,102759,420946,40797,1301,89888,56490,6642,56934,2726
8/1/2020,89967,3138,177075,43173,500130,48404,49810,15148,12205,477506,194466,2217,21114,181757,67122,44981,27812,34392,116280,3911,89365,110077,167533,55947,65487,56285,4081,26419,49306,6613,184369,20796,190307,124717,6660,92087,43284,18817,117987,18210,91471,8867,104500,430485,41380,1305,90801,57427,6735,58058,2769
8/2/2020,91121,3274,178521,43810,509162,48838,49810,15241,12274,482302,197628,2424,21344,183224,67857,45492,27812,34788,119747,3921,90274,110430,168325,55947,66008,56832,4193,26695,50437,6634,184719,21016,190575,126105,6785,93031,43685,19097,118642,18261,93094,8955,106648,436711,41759,1308,91782,58126,6854,58990,2808
8/3/2020,92164,3333,179552,44597,514901,49088,50062,15349,12313,487564,200166,2567,21675,184522,68433,45845,28876,35184,120846,3932,91144,110595,169994,57162,67045,58281,4314,26956,51422,6660,185030,21130,190879,127461,6933,93963,44062,19366,119218,18317,94304,9020,107718,442014,42153,1309,93106,58697,6973,59401,2848
8/4/2020,93113,3393,180561,45381,519427,49619,50110,15427,12398,492912,202908,2738,22234,185993,69255,46045,28876,35944,124461,3953,91854,111033,171580,57779,67980,59544,4429,27154,52423,6693,185421,21340,191309,129016,7057,95106,44946,19699,120100,18430,95443,9079,109505,451181,42544,1311,94251,59292,7051,60171,2884
8/5/2020,94975,3448,182260,46293,524722,50166,50225,15489,12443,500402,206796,2887,22707,187752,69975,46659,29717,36606,125943,3969,92426,111371,173081,58640,68660,60763,4593,27505,53068,6719,185824,21566,191644,130248,7177,96305,45642,19978,120854,18515,96714,9168,111238,459887,43096,1316,95049,59899,7159,61110,2923
8/6/2020,96691,3488,183705,47028,529980,50575,50245,15557,12518,507815,210160,3088,23399,189705,71015,47362,29717,37332,127246,3988,93005,111533,174435,59185,69611,61903,4744,27871,53919,6742,186241,21773,192014,132187,7327,97471,46358,20225,121669,18628,98007,9273,112576,467485,43606,1326,95867,60715,7277,61985,2958
8/7/2020,98530,3543,185112,48039,538416,51019,50320,15645,12589,515989,214367,3317,23922,191808,72254,47865,30638,38043,128746,3997,93806,111853,175821,60101,70306,62998,4888,28078,54757,6779,186646,21965,192384,134035,7508,98675,47037,20636,122468,18750,99550,9371,115299,474524,44067,1327,97882,61586,7433,63028,3000
8/8/2020,99468,3622,186167,48811,545787,51474,50320,15705,12653,522039,218789,3468,24495,193998,73287,48286,30638,38856,128746,4013,94581,112173,176769,60898,71009,63677,4952,28225,55644,6818,187037,22115,192761,135792,7596,99969,47671,21010,123299,18836,100935,9477,117071,481483,44090,1333,99189,62267,7563,64213,3013
8/9/2020,101080,3720,186984,49383,554160,51778,50320,15758,12753,526145,221951,3608,24671,195380,74328,48789,30638,39189,131399,4026,95503,112459,177576,61516,71449,64144,5017,28414,56456,6831,187401,22315,193028,137151,7713,100848,48097,21272,124101,18901,102175,9605,119166,486362,44714,1337,100086,63006,7694,64835,3050
8/10/2020,102006,3788,187585,50028,561911,52074,50567,15823,12807,531841,224627,3728,25100,196699,74992,49074,31730,39357,131961,4032,96258,112673,179340,61839,72321,65672,5017,28694,57198,6840,187705,22444,193267,137941,7885,101731,48440,21488,124747,18953,103262,9663,120732,490817,45006,1340,100749,63569,7754,65356,3042
8/11/2020,103076,3837,188800,50411,574411,52369,50684,15892,12896,539663,228381,3927,25595,198248,75862,49329,31730,40367,133125,4052,96843,112969,181046,61839,73092,67028,5289,29033,57745,6861,188179,22643,193660,139261,7970,102826,49299,21774,125582,19036,104075,9713,121626,500620,45399,1349,101745,64054,7875,66123,3073
8/12/2020,103808,3898,189507,51114,586056,52611,50706,15958,12959,545798,232148,4280,26133,199893,76522,49806,32547,41176,134304,4073,97384,113198,182575,62296,73809,68431,5403,29282,58270,6887,188697,22816,193974,140618,8171,104248,50175,22022,126541,19122,105142,9815,123420,506820,45722,1354,102521,64574,8008,66654,3086
8/13/2020,104559,3979,190859,51766,593141,53073,50782,16051,13024,551761,234964,4512,26631,201727,77565,50336,32547,42045,135439,4100,98160,113517,183987,63723,74701,69621,5539,29653,58856,6921,189389,22987,194273,142385,8322,105426,50953,22300,127556,19219,105891,9897,124661,513575,46155,1359,103622,65162,8151,67622,3119
8/14/2020,105675,4079,191787,52392,601075,53475,50897,16123,13118,557961,238304,4795,27173,204023,78632,50935,33885,42888,136737,4124,98875,113729,185339,64413,75461,70777,5541,29976,59955,6964,190004,23160,194633,143984,8444,106557,51554,22613,128364,19304,106946,10024,127159,520593,46628,1375,104838,66060,8274,68681,3183
8/15/2020,106503,4163,192654,51992,613689,53756,50897,16190,13159,561601,241640,5014,27477,205851,79676,51793,33885,43537,136737,4145,99693,114095,186229,65162,75801,71448,5659,30235,60814,6980,190041,23302,194985,145564,8587,107674,52430,23018,129217,19418,108136,10118,128528,528838,46942,1382,105750,66676,8457,69547,3227
8/16/2020,107245,4265,193605,52665,621562,54109,50897,16246,13220,564236,243529,5188,27660,207413,80415,52433,33885,43966,137918,4170,100212,114398,186956,65716,76109,72004,5779,30416,61511,6988,190357,23408,195285,146892,8647,108287,52812,23744,129935,19487,109360,10274,130447,535042,47248,1387,106687,67398,8564,70246,3286
8/17/2020,108668,4315,194074,53077,628031,54283,51267,16334,13273,567995,245486,5322,27942,209186,81006,52829,35167,44381,138485,4190,100715,114611,188577,65716,77113,73606,5847,30578,62171,7004,190717,23500,195458,147778,8782,109062,53136,23451,130392,19566,109941,10360,131844,542950,47487,1398,107421,67762,8632,70715,3331
8/18/2020,109985,4381,194990,53487,632667,54554,51255,16390,13325,572064,248712,5583,28326,210926,81847,52969,35167,45108,139125,4211,101235,114786,190031,66061,78019,74912,5847,30833,62854,7017,191099,23579,195829,149047,8968,109923,53962,23676,131017,19657,110446,10443,132682,550232,47785,1401,108282,68185,8731,71424,3363
8/19/2020,111265,4454,195628,54216,638831,54872,51314,16435,13354,576632,251224,5818,28696,213221,82336,53280,35890,45800,139903,4230,101649,115048,191483,67308,78913,76313,5956,31115,63248,7036,191470,23749,196187,150403,9242,110881,54670,23870,131617,19769,111254,10566,134435,557256,48260,1403,109019,68729,8801,72134,3430
8/20/2020,112303,4537,196352,54765,644751,55251,51432,16514,13409,581182,254163,6048,29120,215053,83277,54533,35890,46684,140821,4264,102229,115310,192850,68133,79690,77679,6214,31378,63804,7050,191605,23951,196515,152465,9474,112003,55494,24165,132450,19842,112065,10691,135769,562559,48761,1407,109882,69363,8982,72893,3468
8/21/2020,113762,4606,196972,55652,650336,55644,51519,16569,13469,585265,257532,6328,29369,217346,84317,55006,36856,47401,141720,4294,102899,115741,194208,68133,80442,78895,6216,31652,64697,7071,191935,24095,196938,154459,9736,113046,56214,24421,133190,19980,113033,10884,138193,567580,49088,1411,110860,70054,9066,73751,3524
8/22/2020,114354,4694,197969,56199,656892,55951,51519,16650,13534,588245,260287,6575,29662,219702,85317,55735,36856,48204,141720,4312,103523,115850,195093,69584,80850,79510,6376,31807,65334,7092,192380,24302,197324,156219,9876,114165,56875,24710,134003,20110,114140,11135,138718,573139,49416,1421,112072,70822,9185,74726,3543
8/23/2020,115023,4760,198178,56574,663669,56222,51519,16739,13590,590269,262099,6744,29853,221595,85932,56275,36856,48716,142943,4332,104102,115850,195914,70298,81248,80050,6490,31917,65866,7107,192670,24396,197617,157735,10000,114802,57271,24937,134617,20231,115170,11276,141141,577537,49728,1426,112966,71302,9272,75205,3579
8/24/2020,115579,4832,198490,56894,668615,56421,52011,16805,13639,592941,264540,6959,30070,223207,87592,56631,38401,49047,143566,4342,104669,116421,197448,70707,82129,81762,6623,32257,66275,7134,192948,24469,197811,158949,10229,115651,57644,25155,135038,20274,115907,11425,141950,580384,50053,1434,113630,71675,9312,75619,3603
8/25/2020,117695,4865,199350,57374,673095,56735,52040,16885,13684,596219,267034,7234,30465,224887,88421,57294,38401,49761,144116,4366,105046,116770,198855,71236,82851,83276,6785,32413,66680,7150,193295,24535,198209,160429,10467,116495,58544,25391,135630,20356,116494,11505,142592,586730,50513,1440,114635,71993,9395,76306,3634
8/26/2020,119389,4917,199537,58023,679099,56986,52220,16951,13722,599360,269637,7540,30780,227044,89359,58215,39937,50544,145661,4388,105486,117085,200147,72390,83675,84926,6785,32788,66938,7159,193632,24732,198515,161834,10800,117584,59705,25571,136141,20425,117521,11571,144288,592137,50870,1443,115458,72450,9540,77092,3684
8/27/2020,120518,5002,200218,58745,683529,57352,52350,17017,13794,602958,272456,7803,31122,228751,90504,61484,39937,51390,146338,4407,106063,117450,201379,73240,84321,86395,6929,33165,67491,7194,193981,24920,198991,163996,11110,118828,60832,25761,136790,20503,118175,12194,145597,597737,51167,1454,116579,73023,9633,78004,3722